{
  "best_algorithm": "flat",
  "metrics": {
    "hit_at_k": 1.0,
    "mrr": 0.9047619047619048,
    "precision": 0.7142857142857144,
    "recall": 0.6744047619047618
  }
}